,Linear Regression,Ridge Regression,Lasso Regression,KNN,RandomForest Regressor,Bagging Regressor,AdaBoost Regressor
MSLE,0.13805215209679492,0.13077185990093543,0.13804887922095255,0.16367066768911973,0.148465239381148,0.17302438312141122,0.21836416546185589
Root MSLE,0.37155370015220535,0.36162392053200165,0.3715492958154443,0.40456231620001354,0.3853118728785138,0.4159619972081719,0.4672945168326458
R2 Score,0.09687638250409936,0.14736285952491557,0.09740105430392787,-0.11918604651162767,-0.07696430280409583,-0.17830620155038712,-0.49224806201550364
Accuracy(%),9.6876,14.7363,9.7401,-11.9186,-7.6964,-17.8306,-49.2248
