,Linear Regression,Ridge Regression,Lasso Regression,KNN,RandomForest Regressor,Bagging Regressor,AdaBoost Regressor
MSLE,0.015044335487954447,0.013495843340301204,0.014961649978777322,0.002857249838730251,0.002592947783916298,0.015062597332336364,0.0007738513090026528
Root MSLE,0.12265535246353682,0.11617161159380206,0.12231782363489518,0.05345324909423422,0.050920995511834787,0.12272977361804414,0.02781818306436732
R2 Score,0.36312926655283373,0.439954034181534,0.36770141094465647,0.8891753008593553,0.8950294961770753,0.4075491349635575,0.9723478373528838
Accuracy(%),36.3129,43.9954,36.7701,88.9175,89.5029,40.7549,97.2348
